lat,lon,node_1,node_2
41.831262,-71.029553,72588490,4957626616
41.78420149999999,-70.6476339,69822142,7384807187
42.1203861,-71.1801739,75193251,75223633
42.2258442,-71.1781404,65910633,73118110
42.5042244,-71.0771303,69041529,69056170
42.5924621,-71.3667808,65175032,65205348
42.6003732,-71.3607998,65166860,65199498
42.127474,-72.59656799999999,70007311,5887733658
42.0274012,-72.78435879999999,72470533,72504471
42.1095898,-71.2308492,75209531,75220270
42.5717746,-72.1275315,71401516,71405451
42.1380576,-71.15282909999999,64711324,75193432
42.0716269,-71.7347457,66302493,66353883
41.6782136,-70.3180507,68185572,67906910
42.4590092,-71.1635807,74155249,74156925
41.6710235,-70.9091207,73353776,7398813028
42.1168238,-72.6368182,71215468,71251060
42.0176272,-71.0459131,71010353,70983315
41.6579399,-70.3456477,67928281,68274499
42.0575188,-72.1612815,62833809,62854403
42.153294,-71.9726527,64931674,64951480
42.1084408,-72.5952257,70065746,70209768
42.1116751,-71.08765319999999,70659031,70670921
41.9033998,-71.2495392,73478956,73518558
42.6067982,-72.5883426,61751284,61758832
42.8272301,-71.0018518,66771087,2289407651
42.3141189,-71.0515489,61371753,2251836593
42.1625569,-72.611435,64807008,488980762
42.0655274,-71.2684757,67826077,67869841
42.4988744,-70.927526,74542268,74520959
42.1153986,-71.4665228,5871722889,74624410
41.2672252,-70.0459077,66099498,66157519
42.1614462,-72.6134108,64807008,488980762
42.1410958,-71.9522765,64945034,65031024
42.1410958,-71.9522765,64945034,65031024
42.6578153,-71.191265,68021299,67987074
41.9049696,-71.0232855,73239648,5477770913
42.0417525,-70.6722767,65778603,65805786
42.1741641,-71.8445257,70211829,66666771
42.2434326,-71.7555434,74431349,74601900
42.2434326,-71.7555434,74431349,74601900
42.19047459999999,-72.6021523,64742589,64806551
42.3526899,-71.8107768,62806648,70945076
42.1817059,-72.6153238,64751845,64794164
42.0627649,-71.21908979999999,67828395,1940743944
41.6362152,-70.93420499999999,66904749,66908218
42.1418416,-72.6109436,64792025,64798515
41.6785068,-71.1037659,73010204,72918299
42.2159719,-71.0230234,330119290,330123134
42.0721718,-71.0236333,64063458,64117633
42.1786956,-70.9078674,62587673,62598060
42.4407089,-71.5883125,62253758,74901482
42.3546031,-71.26250290000002,69193522,72883818
42.5939869,-71.963602,61547140,61563612
42.6103188,-72.5848961,61754663,3759312507
42.6625935,-71.4316689,68585325,68459198
42.6003732,-71.3607998,65166860,65199498
42.2545764,-70.9952378,73063699,4593182163
42.24491219999999,-71.1512193,61358874,3639950433
42.5980512,-71.9590963,61553013,61610822
42.3070606,-71.4418546,61399174,61483298
42.2790877,-71.41847969999999,61424224,2879383113
41.857281,-70.9985396,63812996,69106283
42.489706,-71.20888,64570576,64578151
42.49598779999999,-71.227175,64524661,473648881
42.0869746,-71.0293074,64115845,64228536
41.7758246,-71.1595426,68800795,68812700
42.0836623,-70.99508349999999,64107615,64124359
42.0176272,-71.0459131,71010353,70983315
41.9315962,-70.7946586,64765634,64794898
41.9315962,-70.7946586,64765634,64794898
42.0834891,-71.4029793,61491300,61496209
42.150078,-72.9566488,73545285,73557669
42.4808593,-71.41430509999999,73231212,73251408
42.277199,-71.6975537,71643176,71596692
42.1386115,-72.6013826,64736332,64782682
42.0434955,-72.6285283,65444765,5632891400
42.7201952,-71.1811347,66856911,66892476
42.0687177,-72.5156159,66127599,66135517
41.6723445,-70.3162837,67905761,68207668
42.0848761,-73.33899110000002,67181187,4759795987
42.0848761,-73.33899110000002,67181187,4759795987
42.0848761,-73.33899110000002,67181187,4759795987
42.41455860000001,-71.0800734,65357712,66446178
42.6003732,-71.3607998,65166860,65199498
42.3141189,-71.0515489,61371753,2251836593
42.0565106,-71.6410891,68904979,68917572
42.5675509,-71.1456444,73906385,73937906
42.1022267,-72.3191343,67565555,67599504
42.4252234,-71.103168,939660350,66449407
41.7979444,-70.757077,69872141,69834614
42.4601186,-70.9694173,65187615,65188338
42.5592942,-70.8893582,69468883,69561108
41.7590629,-71.24829749999999,68816945,68840951
42.004663,-71.2220076,69295983,69300682
42.004663,-71.2220076,69295983,69300682
42.153283,-70.743559,65929223,66074308
42.4940535,-71.4175984,73217858,73273240
42.6644284,-71.1936343,67895838,67981041
42.2935233,-71.25505509999999,68329018,68357202
42.1615157,-70.7927832,69366021,5002420259
41.7979444,-70.757077,69872141,69834614
42.6003732,-71.3607998,65166860,65199498
43.2897137,-71.5707282,195032068,195036525
43.2897137,-71.5707282,195032068,195036525
42.1367998,-72.6013998,64746003,64772217
42.0381605,-71.3224488,74923751,74925839
42.5750939,-71.0786653,68686849,68702155
42.5011551,-71.721346,63989801,64625175
42.2781242,-71.161655,61398415,61398437
42.348511,-71.5764522,65759692,65807447
42.5776671,-72.0043841,61559889,61573916
42.0602178,-71.2328673,67840080,67861094
42.3141189,-71.0515489,61371753,2251836593
42.141447,-72.52319229999999,70143266,70306774
42.2831392,-73.1437425,70703665,70735484
42.0176272,-71.0459131,71010353,70983315
41.7937407,-70.7614734,69681819,6512488720
41.6571199,-70.26289919999999,75068422,75197840
42.24933619999999,-70.9029698,62598162,62629455
42.7776723,-71.0837052,330287649,330312640
43.6537517,-79.3653848,73706534,73793381
42.4373325,-71.1200642,66433757,74119907
42.1639271,-71.8909656,70194348,70194639
42.6286824,-71.2783263,64885553,64924059
42.7143221,-71.1066943,68462624,68477820
42.345695,-71.7334022,73460404,73479729
42.6404398,-72.004824,74020009,74046221
42.4697834,-73.1966971,71577765,71486236
41.9281193,-71.3376274,65719431,65731110
41.9281193,-71.3376274,65719431,65731110
42.655677,-70.624398,74105023,6308692024
42.1567281,-72.598685,64749506,64790559
42.2650156,-71.7502614,71559471,71684099
42.6640791,-72.07859619999999,74016139,74049834
42.37149369999999,-71.1301234,61376844,61589126
42.5786786,-71.14872749999999,73870888,73937906
42.1334642,-72.5601399,70198972,70291984
42.4863271,-71.2591454,72807903,72825796
30.5598736,-81.9215361,67151672,67157892
42.4987988,-72.8707326,63205234,63272177
42.1253764,-71.900049,70199732,70224360
42.4934861,-71.5393449,73713515,64695155
42.2803622,-71.0825117,61490281,9675961806
42.4683921,-72.5877249,65957326,66046485
42.4628806,-71.0580178,66570584,66572246
41.7432498,-71.1932229,68805091,68841544
42.6940761,-71.4120779,68558984,68624659
42.5146845,-71.0293052,65286832,5232553133
42.2423665,-71.8438379,74433957,74484257
42.3249346,-71.09841229999999,61346576,61350512
42.0874233,-71.02981439999999,64115845,64228536
42.2717109,-71.7952188,74464771,5107294584
42.2377359,-71.7924587,74441508,74490114
42.4383308,-70.9697846,73565061,73552856
37.2266918,-77.4013696,67151672,67157892
42.6224191,-71.3200478,64898605,64827977
42.109638,-72.59383799999999,70033226,70231861
42.6201569,-71.3545836,1524149300,64887186
42.4040052,-71.0471603,67007623,67023061
42.122043,-72.20366,63914438,63963732
42.813898,-70.9152693,67393140,67390600
42.121745,-71.0614057,64077339,67476832
42.8382095,-70.9451596,66531708,66548185
41.5994095,-70.6367935,67421007,67470715
42.5208038,-71.7552117,64616790,64617855
42.4572841,-71.0242069,74934620,74923246
42.4415669,-71.68660430000001,64024720,64027872
42.228205,-70.9875915,330136165,9170678894
41.9965096,-70.8371263,61816113,61819474
41.6932806,-70.9474864,66927356,66907332
42.4216556,-72.5370334,66602704,66719771
42.153294,-71.9726527,64931674,64951480
42.36382340000001,-71.53319239999999,65818783,65906055
42.2252332,-71.548498,63060052,63084222
42.5771247,-71.40205929999999,72255220,72387383
39.7136754,-82.5993294,67181187,4759795987
41.6483002,-70.4276634,5629589268,67927580
42.2609917,-71.7933862,74519106,74689087
42.2942932,-71.44861,61444740,61446553
41.933975,-71.3201374,65732206,65756170
42.3875968,-71.0994968,61177514,71954781
43.2897137,-71.5707282,195032068,195036525
29.6585287,-95.3499981,67181187,4759795987
42.4485843,-71.0586075,66566091,66583408
42.6413462,-71.37019049999999,64908918,64827924
42.170249,-71.57560699999999,68711519,68734371
42.4624098,-70.980244,65240412,65197495
42.6824947,-71.743365,69576527,5723824889
42.1095898,-71.2308492,75209531,75220270
42.4064878,-71.01454199999999,73571490,73595105
41.9457325,-71.0003969,63754221,63884146
42.62640589999999,-71.0602463,68407710,68465972
42.200984,-72.640317,62998577,1859685190
42.313295,-71.09513009999999,61364880,61447426
42.2788383,-72.6712204,66251378,7144712221
42.2788383,-72.6712204,66251378,7144712221
42.1417641,-71.3967256,66504791,66543450
42.5750939,-71.0786653,68686849,68702155
42.288504,-42.288504,70038711,70062702
42.6191123,-70.8322311,61822558,61822824
42.5071097,-71.1455015,74346102,74409495
42.5905885,-72.0733654,69174025,2584447004
42.5905885,-72.0733654,69174025,2584447004
42.2609917,-71.7933862,74519106,74689087
42.2609917,-71.7933862,74519106,74689087
41.873007,-70.927359,63817065,63901822
42.4226993,-71.0864668,65354937,65338848
42.1625569,-72.611435,64807008,488980762
42.1610816,-72.58249789999999,64769202,64805945
42.1610816,-72.58249789999999,64769202,64805945
42.3517141,-71.1569955,61340755,61465472
42.4984673,-71.0718452,69033702,69039502
42.2976532,-71.070747,61343932,61343920
42.0422912,-71.8806397,70371691,70383214
42.2345329,-71.1626631,65884840,73118110
42.6578153,-71.191265,68021299,67987074
42.501022,-70.9849673,65224285,65234379
42.6232636,-71.35099129999999,64858736,64902977
42.2596255,-71.805157,74554012,74698846
42.3040645,-71.9184876,70430851,70448535
33.2994075,-111.6041439,67181187,4759795987
42.1131305,-72.3962468,73449090,73470237
42.0003222,-70.7190315,63742921,326736509
42.0251113,-71.466711,74644955,74652506
42.224222,-71.070678,67418680,1681961740
42.3428473,-71.08501129999999,61423920,61344054
42.3560812,-73.28513559999999,64511315,64541340
42.3924531,-71.0268644,61359311,5970524403
42.5675509,-71.1456444,73906385,73937906
41.8222656,-70.82166289999999,66973716,66997578
42.5231864,-71.0594121,69028528,65297083
42.4553027,-71.2376994,64655063,64657211
42.5474835,-71.8078684,64617946,67696814
42.2071932,-72.5945661,62954223,62968935
41.8423098,-71.19128979999999,66260157,8488103957
42.1896609,-73.36439419999999,67753407,67756381
42.549698,-71.017854,70476895,70568724
41.63695329999999,-70.9226142,3895173875,66916961
42.3563594,-71.1194668,61457318,61349999
42.3586268,-71.157342,61585504,3288957522
42.3586268,-71.157342,61585504,3288957522
42.0583585,-71.860132,70352632,70375694
42.0583585,-71.860132,70352632,70375694
42.1043042,-72.14876339999999,63931544,63941557
42.1043042,-72.14876339999999,63931544,63941557
42.1043042,-72.14876339999999,63931544,63941557
42.2746061,-71.7593563,3734677621,74534368
42.439963,-71.6542872,63993174,74864116
36.8779954,-77.4037357,67151672,67157892
42.1971461,-72.6034344,62947329,62982644
42.1235563,-72.54199109999999,70113544,70182921
41.465516,-70.575502,67373398,67456524
42.3774969,-71.77594049999999,70919233,70929763
42.22685389999999,-71.0045641,330130170,1056025311
41.8727916,-70.75901100000002,64758544,64771659
42.6531896,-72.157143,74332111,74346214
42.3667448,-71.2111465,70228130,70249203
42.2260935,-71.0595203,67418680,73057472
42.1171398,-72.5239512,70129646,70257110
41.8320291,-71.3030285,75142822,75150073
41.8320291,-71.3030285,75142822,75150073
42.0602178,-71.2328673,67840080,67861094
42.0565106,-71.6410891,68904979,68917572
43.934,-91.8130177,73706534,73793381
42.2944319,-71.07197,61361387,61460568
41.7128721,-70.4900038,74736798,74760361
42.0485656,-72.4778126,6581517884,6581518386
42.1474729,-71.00868760000002,62698993,62706520
42.7015769,-71.25459099999999,66503945,66510347
42.3257969,-71.7037142,71378777,69013691
42.656234,-71.686315,69518276,69572056
42.2065405,-72.63116959999999,62941952,62953445
42.0209258,-70.9891133,71030314,71040276
33.1257336,-116.0044661,67181187,4759795987
41.5720159,-70.5355805,67364957,67448565
42.3520957,-71.0891144,61341279,61381894
42.38904489999999,-71.14369119999999,4173900794,3401235868
42.112871,-72.54727199999999,70041868,5695065154
41.8158877,-71.1291383,66269808,66283044
42.6003732,-71.3607998,65166860,65199498
42.6003732,-71.3607998,65166860,65199498
42.08727409999999,-73.3460235,67181187,4759795987
42.3210619,-72.6317713,68864215,68916509
41.8505796,-69.9882299,66173673,66196474
42.2462927,-71.82984739999999,74452630,74667203
42.3611199,-71.06696079999999,61339938,61350471
42.0275003,-71.5808102,67398112,67399464
42.2402427,-71.17622879999999,65907757,65916619
42.3350078,-71.07506400000001,61351181,61422331
42.758542,-71.0948396,330317008,330319172
42.2003452,-71.0074321,330131001,330135143
42.5482695,-71.2564052,70744774,70799486
42.8399382,-70.8333405,74597090,5726843492
42.16938580000001,-72.4635228,64985671,64994454
41.8936327,-71.1064395,68921214,69057403
42.1419577,-71.9666982,64895294,64960304
42.3428351,-71.6365805,68968694,69047682
42.0462402,-72.6731887,65379041,65442360
42.4590092,-71.1635807,74155249,74156925
42.5939869,-71.963602,61547140,61563612
42.126853,-72.531865,69990036,70016399
42.17687129999999,-71.3137988,66398705,66399435
42.4005758,-72.4952242,66624533,66707947
42.2395954,-71.4288187,64271297,6301313011
42.0560361,-71.03721759999999,64057403,2501953377
42.0500751,-71.877837,70351785,70371097
41.6185173,-71.1092476,73018173,6308789007
42.2418172,-70.889759,62558614,62623754
41.9302265,-71.0413963,73234409,73265889
41.9302265,-71.0413963,73234409,73265889
42.16386,-71.502923,67258730,67230061
42.3750661,-71.03791410000001,7164970802,8654475957
42.3189048,-72.0487274,69832988,69851360
42.3301592,-71.0509589,61464191,61511890
42.1567654,-71.4890299,67162836,67165765
42.0608786,-72.55077589999999,64714964,64747980
42.0974133,-71.5727199,66620845,6756013801
42.0974133,-71.5727199,66620845,6756013801
42.3070606,-71.4418546,61399174,61483298
42.1837879,-71.31769930000002,66400108,9535974452
42.6491336,-71.3039575,64927242,64929931
44.9428975,-123.0350963,73706534,73793381
44.9428975,-123.0350963,73706534,73793381
41.7661849,-71.0982014,67186318,1987097660
42.0717563,-72.4978126,66142014,66156259
42.6603585,-71.1366804,67912495,67937870
42.566142,-71.582691,68390587,68393301
42.13087,-70.85815,62006693,62016986
41.7139864,-71.1179676,67232635,67162710
42.1085517,-72.6144039,70151693,71344563
52.512255,-2.081112,70012545,70046324
42.331836,-71.06244,61415217,61445821
42.65403329999999,-71.31133439999999,64811434,64900543
42.6413462,-71.37019049999999,64908918,64827924
42.7404025,-71.1735122,66823481,66839298
42.2034544,-70.7804285,326772806,6247697662
41.6378406,-70.3542265,67975694,68109775
42.7723989,-70.9316739,71179964,71197019
42.1747517,-72.6388372,62938256,62966153
42.083908,-73.1034488,74696765,74707225
42.01671109999999,-71.0032062,70969254,71042860
42.1266062,-72.5678652,70020773,70148332
42.4925091,-71.7296017,64622156,4391173950
41.9166775,-71.359464,65670140,65733166
42.1306382,-72.6130417,64761784,70078120
41.9114791,-71.1426559,69104175,5916513423
42.3502938,-71.0602486,61341713,61503308
42.0565106,-71.6410891,68904979,68917572
42.0553169,-72.8218989,72516221,72516410
41.7401778,-70.81186559999999,73934096,73935823
42.26181769999999,-70.84486050000001,63517734,63542682
42.6838001,-70.8395651,63649107,63661966
42.3494845,-72.5377785,61805845,66656172
42.3771589,-71.2516857,69201251,69208128
42.2367368,-71.9910499,69854451,69910916
42.65184480000001,-70.9356395,69485924,69494207
42.1093134,-70.73592,65924556,66074605
42.1516637,-71.7587256,68661687,68701451
42.4912242,-70.8561306,65537643,65550415
42.0246519,-71.2532373,67855266,67867978
42.2045959,-72.6249301,62937815,62968802
42.0494657,-71.3011026,74946286,74970775
42.0847834,-71.0617189,64039269,64141530
42.5709975,-72.00419889999999,61583329,61626765
42.088096,-72.45977049999999,73461222,73503035
42.2726847,-71.02773979999999,73066170,73089584
43.934,-91.8130177,73706534,73793381
42.247373,-71.1036002,61492793,61360679
42.4734635,-71.1101345,70589703,74381558
42.1534032,-71.7499997,68701451,68728849
42.145445,-70.95481930000001,61332883,73175611
41.7013959,-71.1524089,67134316,67190606
42.3718176,-71.06107420000001,61423261,61367781
42.093969,-71.2200989,75191335,75222293
41.676722,-70.3875405,67817579,68130405
42.52251,-70.92490269999999,70494263,70557381
42.4796017,-71.148958,74309460,74394450
42.1014898,-72.5816258,70042362,70067553
42.5669307,-72.2150328,64808811,64806147
42.5669307,-72.2150328,64808811,64806147
42.076045,-71.854558,70404412,5906778591
42.0564242,-71.7371051,66297326,66346376
42.4014632,-71.1370282,61696061,1480173293
42.5483404,-71.5216695,64688574,64692541
42.3731606,-71.08102389999999,61325426,61330315
41.952721,-70.712564,72184452,72544877
41.5532208,-70.60858859999999,67509284,67514618
41.5502747,-70.55222049999999,67376549,67434739
42.1548721,-71.2219877,69160896,69166932
42.3001848,-71.7642378,74523258,74648572
42.48110200000001,-71.1740287,74293011,74364986
42.1247241,-72.5313896,69990036,70254154
42.4845406,-70.947762,65190933,65202606
42.182657,-72.031271,66079972,69794858
42.182657,-72.031271,66079972,69794858
42.240036,-71.2776535,66387049,66401077
42.2117887,-71.0258601,330122621,330133118
42.5775277,-71.1079942,68653828,68682062
41.724463,-70.775911,65608662,65614719
41.678507,-71.103766,73010204,72918299
42.3070606,-71.4418546,61399174,61483298
41.7586906,-71.228265,68819071,68802444
42.153294,-71.9726527,64931674,64951480
41.5382611,-70.6496562,67336353,67472610
42.232245,-71.1839334,65888690,65912476
42.6003732,-71.3607998,65166860,65199498
42.1944963,-72.6155517,62969558,62960054
28.3575949,-80.73274579999999,67151672,67157892
42.24071439999999,-71.8636743,64445960,74461201
42.004663,-71.2220076,69295983,69300682
42.3141189,-71.0515489,61371753,2251836593
42.17434189999999,-71.1537869,64726029,1500891026
41.6443973,-70.24114329999999,75000172,75113089
42.1541317,-71.07317309999999,70645918,70667435
41.9072419,-69.9850197,70526022,70537864
42.0923919,-72.4354362,73450617,73505978
42.5692567,-71.1591016,73872253,3200213048
41.678507,-71.103766,73010204,72918299
42.4766746,-71.0620106,69016817,69028915
41.9584457,-70.6672621,72592836,72665831
42.2331336,-71.5545216,63060228,63079817
42.2120141,-71.1493855,69632067,73100534
42.2968722,-71.4835319,61415615,61429626
41.84041269999999,-71.33453279999999,75170184,75174151
42.6636046,-71.3111077,64815502,64840504
42.3887296,-71.2620994,453429163,69241114
42.26412759999999,-72.6858156,66233097,66263794
41.808434,-71.3369972,75151638,75186879
42.2426464,-71.79696609999999,74498482,74683733
42.1084122,-72.0787059,70837180,70938618
37.8449289,-122.2513637,67181187,4759795987
41.7645963,-70.9619603,1645919162,1645918943
42.2640177,-70.8556845,63516947,63549424
42.494501,-70.9355235,74537567,74571370
41.6679338,-70.9213288,66902514,66908229
42.041753,-70.672277,65778603,65805786
42.7308111,-72.5698688,69626963,205000663
42.5588118,-71.296359,70797412,70819696
42.4759675,-70.91248790000002,68769974,68777225
41.8107737,-70.80478579999999,66935864,67036457
37.2707022,-76.7074571,67151672,67157892
42.0319313,-71.23786,67861094,67874446
42.6009789,-71.2675637,69268647,69357236
42.8042323,-71.11033280000001,330292202,330295492
42.2975183,-71.0638689,61358529,61361013
42.6109521,-70.679327,624155868,942243134
46.4328752,-67.8440355,194931978,194932098
42.4233925,-71.0881546,66430415,66477174
41.6770164,-70.8197147,66293252,66277616
41.6770164,-70.8197147,66293252,66277616
42.2252332,-71.548498,63060052,63084222
42.0294924,-71.25378,67855266,67867978
42.397365,-71.1104929,61176231,71939106
42.2225305,-72.6295354,62995481,63010726
42.264509,-71.177041,65879083,65915881
42.1130252,-73.0715038,74668655,9710076350
42.1692709,-71.6084877,68704947,68745366
42.1993439,-72.56699549999999,64769285,64790069
42.4293135,-71.6224414,74861369,74880681
42.1567654,-71.4890299,67162836,67165765
42.348129,-71.1501943,61370623,61479646
42.361618,-71.1458822,9362012249,991965594
42.0628871,-70.9920289,64022562,64207274
42.4660296,-71.1461296,74314042,74373271
42.1520927,-71.1051421,64709004,64718635
41.5956879,-70.5757002,67363888,67522775
42.29399859999999,-71.0844484,61392931,61458465
42.1020732,-72.58572219999999,70038679,70066432
42.3104125,-71.82482449999999,74436389,74444749
42.2454188,-71.00018419999999,73047954,1071675282
41.6317743,-70.9255827,67001217,66926532
41.969457,-71.01837499999999,63743234,63756267
42.4424772,-72.1185417,69482599,69605833
42.8027226,-71.0954833,330306848,330303257
42.1266062,-72.5678652,70020773,70148332
42.2195088,-71.40528309999999,62896522,75262085
42.0565106,-71.6410891,68904979,68917572
42.336787,-71.3120821,72883340,920030160
42.689894,-71.325388,66472583,66489484
42.6977819,-71.1421216,68359051,68382999
42.2598105,-71.8452509,74703470,74742967
41.9956379,-71.1006827,69325184,6291812594
42.2084538,-71.831074,66657233,66698342
42.1679001,-72.34463079999999,70298332,70332225
41.656263,-70.22132289999999,74998208,75099670
41.9532828,-71.2321958,69274075,69298911
42.422715,-71.7831059,70407290,6308850296
42.4022285,-71.0982849,66452192,1095771626
42.004663,-71.2220076,69295983,69300682
42.4583924,-70.9393601,65230261,65254538
42.1657443,-72.4325518,65042722,65061759
41.628764,-70.4796859,66177576,66209195
42.3520957,-71.0891144,61341279,61381894
42.3520957,-71.0891144,61341279,61381894
42.8827063,-70.894328,74593094,2648033537
42.3141189,-71.0515489,61371753,2251836593
42.188401,-70.939704,73173251,62562466
42.0866532,-70.9811263,64158074,64304081
42.154131,-72.5380408,64745356,70246795
42.1638604,-71.5029229,67258730,67230061
42.0630415,-71.0039686,64035891,64040489
42.0531967,-70.95405540000002,65933824,66048454
42.1030454,-72.58325719999999,70157293,2329383918
38.7906924,-92.3148621,67181187,4759795987
42.0580997,-71.01425730000001,64190285,64288012
41.9498102,-71.0256768,63804543,63840630
41.9498102,-71.0256768,63804543,63840630
42.478091,-71.09764799999999,70557687,70584358
37.2266918,-77.4013696,67151672,67157892
42.3991804,-73.250194,64513126,64539161
42.33176419999999,-71.1211635,63570467,63557274
42.1523067,-72.5324756,70096621,70242137
42.1468748,-72.4887425,70051165,70094049
42.1047379,-71.55667810000001,66623166,66629530
42.1101943,-72.57136950000002,70017910,70314039
42.551139,-71.763808,64607845,6222257900
42.1334642,-72.5601399,70198972,70291984
42.1950184,-72.6012732,62947329,64787883
42.1950184,-72.6012732,62947329,64787883
42.3563594,-71.1194668,61457318,61349999
42.582425,-70.822257,2470639997,70870207
42.3195598,-71.0873164,61347126,61339555
42.300644,-71.0485671,61352123,61352019
42.593429,-72.681383,75311802,75326538
41.59056169999999,-70.9435792,65642282,65677794
42.558988,-70.9723921,65536694,65585250
42.2108955,-71.787823,67358113,5913427268
42.4848754,-71.2051901,64540006,2399851737
42.2863568,-71.104965,61347679,61398861
42.381664,-71.7664279,70894592,70906801
42.1175011,-71.0003505,64039072,64111871
41.6362152,-70.93420499999999,66904749,66908218
42.266302,-71.0451442,67425673,67464167
41.7458858,-71.1942602,68818781,68844201
42.330656,-71.0687683,61378064,61363164
42.2609917,-71.7933862,74519106,74689087
42.092908,-71.0192969,64232123,64239252
42.1323324,-70.9496181,61320642,61321987
42.7038757,-71.1702043,64171222,64187876
42.6411172,-71.31759819999999,64899697,64899792
41.9122813,-71.0639561,68933016,73326270
42.2012477,-70.94341829999999,73158871,73193839
42.270917,-71.7981107,74600597,5107294588
42.156424,-71.96424209999999,64940159,64957281
42.3240528,-72.6518025,68712325,68843701
42.044408,-72.201154,69091326,69093994
42.1253551,-70.9496393,61320841,61333298
41.6443605,-70.8999812,67074032,67087391
41.8588025,-70.9155067,63835035,66954622
41.5546957,-70.5999557,67388105,9002303293
42.57601,-70.9690531,65566393,65514893
41.758962,-70.493932,74730630,74823094
42.2909443,-71.25013620000001,68328680,68341769
42.2909443,-71.25013620000001,68328680,68341769
42.2832599,-71.6549825,7239245218,71675496
42.2768396,-71.1194912,8237012609,7607852233
42.0890657,-72.857603,61730445,61731857
42.0890657,-72.857603,61730445,61731857
41.6716498,-70.0622231,62303579,62328535
42.484535,-73.203704,71439808,71622897
42.2597656,-71.0424801,67422035,67444356
42.4781199,-71.0306245,74916462,74916630
42.0956952,-72.6083818,71325905,71298990
42.600726,-71.025656,67144851,9527560605
42.4936116,-71.74509119999999,4386031823,4386399850
41.932553,-70.97039939999999,66944671,67058635
42.5156301,-70.94527819999999,70524338,70534090
42.1947173,-70.92436769999999,73140470,73162525
42.3645558,-71.1359136,61339871,61339819
42.4151211,-72.0969727,69437017,6219755379
41.6418332,-70.97823500000001,65674439,65751317
42.1022934,-72.589424,70082201,70230455
42.0848727,-72.6498688,65479067,65523802
41.655846,-70.2554352,75037744,75124826
42.1377995,-72.513907,69963260,70124119
41.8626276,-69.98595019999999,66182779,66185311
42.123163,-72.745404,71770170,245494344
42.5527308,-71.76675759999999,64615660,4297219799
42.8121486,-70.87602799999999,67382229,67378563
42.6578153,-71.191265,68021299,67987074
42.3165241,-71.7261994,71445782,71406629
41.5463137,-70.5920984,67417922,67416933
42.1567654,-71.4890299,67162836,67165765
42.095107,-72.61221499999999,71241895,71329568
41.9662771,-70.9803816,63773793,63890428
42.1076573,-72.57709179999999,70187970,70230355
42.7309431,-72.5701513,69626963,205000663
42.4588894,-71.0006001,74921595,74929599
42.1356864,-72.6172264,71375255,64762868
42.3044746,-71.4627634,61441705,61446951
41.7415869,-71.00100809999999,1645918323,2537024832
42.1918204,-72.5090381,64954807,65038944
42.546666,-71.7621342,64612986,64591326
41.680906,-71.1634105,67155587,67242959
41.7848566,-71.3132699,75158640,75175019
41.3725441,-70.6827997,61681408,61686711
42.548171,-71.172447,73891698,5461639077
41.8899636,-71.1697539,68895129,68926217
42.5178074,-70.9432954,70516844,70581695
42.3111764,-71.0911059,61355219,61341436
36.8779954,-77.4037357,67151672,67157892
42.4081071,-71.0930138,66467645,66485914
42.2795479,-71.1355308,61509485,61354005
42.4893443,-71.2575868,72807903,72825796
42.1592106,-72.44238849999999,65002764,65005761
42.2215285,-72.6357634,62948050,62954125
42.2215285,-72.6357634,62948050,62954125
42.2215285,-72.6357634,62948050,62954125
42.1546485,-71.15171389999999,64713747,8644070342
42.0381454,-72.685677,65379041,65442360
42.3546874,-71.6097421,65758779,65789294
42.3667589,-71.78562699999999,70906723,70948741
41.8940501,-71.2876371,73467873,73478163
42.2881252,-71.7888215,74702755,74737190
42.3989643,-72.8747674,64715943,64725548
42.4462973,-71.067804,66554190,66582187
41.7014479,-70.11991979999999,62315358,62324696
41.7508609,-70.5988606,74174152,8437026349
41.589455,-70.582833,67490021,5184115161
41.9223548,-71.0834193,68936469,6291952811
41.46064500000001,-70.57612,67373398,67456524
42.0285242,-70.8443031,62071133,62081506
42.0285242,-70.8443031,62071133,62081506
42.3761028,-70.9870074,9693706608,9694146732
42.2851226,-71.1564582,61349753,61349755
42.5986125,-71.1825935,69299885,69354578
41.692971,-71.161748,67132963,67174870
42.4697912,-70.9568895,65239099,65242030
42.0372733,-70.9310185,65948120,65976220
43.2897137,-71.5707282,195032068,195036525
42.8046656,-70.8824145,67415652,67418154
42.3197759,-71.2389274,1175908354,1339333698
42.3563594,-71.1194668,61457318,61349999
42.1067819,-72.0610323,70861779,70994583
42.1067819,-72.0610323,70861779,70994583
42.4904139,-71.6190574,62202223,2789578826
42.21723730000001,-71.0370087,73168061,330134024
42.1921921,-71.1518321,64726029,1500891026
42.5720289,-72.1330374,71395697,71391935
42.5720289,-72.1330374,71395697,71391935
41.90146620000001,-71.0904106,69093832,69094263
41.57854589999999,-70.546457,67385685,4296858568
42.5925139,-71.7928508,67565268,4306072124
42.1921965,-71.7412262,67295403,67336884
42.672203,-70.83539200000001,63655574,63670118
42.2331535,-71.1807309,65904019,2166442344
42.1162596,-70.93163299999999,61330624,74020916
42.2136332,-71.7558431,67289700,67355925
42.1468283,-71.24618869999999,69158611,69161316
42.1037165,-72.6360488,71268954,71304493
42.2696383,-72.1690559,71053249,71151480
42.2370072,-71.1923684,65901451,65891835
42.2996446,-71.0147226,73061577,73085151
42.1356864,-72.6172264,71375255,64762868
41.91548510000001,-71.0943234,69011988,69014956
42.1758945,-70.9472728,73136887,73248756
41.658524,-70.27278129999999,67947096,68142492
42.6144725,-71.301353,64842692,65178183
42.551267,-70.9587202,65558924,5626089605
42.3509305,-71.0892652,61340721,61340777
41.6379476,-70.93090210000001,66950289,66967467
36.8779954,-77.4037357,67151672,67157892
42.1119733,-72.5581103,9099297662,9099297669
42.3919528,-71.0308106,61358168,61356516
42.0176272,-71.0459131,71010353,70983315
42.0381594,-71.00908,70979494,70996476
42.0987489,-72.6847049,65454476,65479814
42.5925855,-72.2401181,64770170,64803458
41.6932806,-70.9474864,66927356,66907332
41.6932806,-70.9474864,66927356,66907332
42.2934638,-71.1453628,61348423,61458554
41.7341785,-71.1339919,67217531,67241670
42.0872416,-71.41171489999999,61491300,61496209
42.1321652,-71.466229,66512002,5476710765
42.110413,-71.1001952,70625450,70701877
42.110413,-71.1001952,70625450,70701877
42.1017356,-72.5782497,70239013,70275529
42.5310844,-70.87297029999999,74534657,74570509
41.7303793,-71.2825493,201001310,201025008
42.139729,-72.5527844,70127245,70008909
42.2912705,-71.4135228,61408638,3088422932
42.3880738,-71.61768889999999,65806053,65811502
42.3563594,-71.1194668,61457318,61349999
42.5030573,-71.1190204,73410240,73366775
42.3453534,-71.5506802,65861862,65875602
41.93175343317785,-70.62242289668261,72493630,72735884
41.7153619,-71.14807909999999,67122063,67167919
42.3204916,-71.0571188,61467814,6461289504
42.3357122,-71.03128149999999,61343653,61459107
42.5503314,-71.6673658,71307499,71359554
42.019384,-71.06572469999999,66417550,8562528906
42.1683488,-72.5687108,64746658,64809268
42.1318511,-72.6242269,71368126,8265034046
42.1048791,-72.5898556,70060363,70195081
36.8779954,-77.4037357,67151672,67157892
42.3647932,-71.5550133,65862577,65848547
42.813898,-70.9152693,67393140,67390600
41.696943,-70.157675,66215694,66198137
41.693361,-71.1307882,67206038,6226328006
41.64725199999999,-70.938518,66980235,66994797
42.1195096,-72.4989219,69977767,70087732
42.4441129,-70.9863649,74914438,73589574
42.1625569,-72.611435,64807008,488980762
42.1625569,-72.611435,64807008,488980762
41.7139864,-71.1179676,67232635,67162710
42.40360769999999,-71.0082652,73586250,73557879
44.080511,-80.204545,73706534,73793381
42.4531334,-73.22650100000001,71444333,71509120
42.6165426,-72.4716256,69202484,69210775
41.686203,-70.924019,66939756,2814641403
41.9191589,-71.243825,65660412,65684136
42.41306,-72.6288972,62378334,62387265
42.16064129999999,-71.0639555,70668237,70625154
42.1567654,-71.4890299,67162836,67165765
47.9644231,-122.2009926,73706534,73793381
36.8779954,-77.4037357,67151672,67157892
41.7572915,-70.5702123,73922443,2102269143
42.0568579,-70.18024559999999,72984160,73000511
43.2897137,-71.5707282,195032068,195036525
42.6273568,-71.33221329999999,64876181,64892669
41.716826,-70.049564,62269893,62345931
41.794421,-70.537474,74030585,74079740
42.1385629,-72.50944040000002,69959622,70034113
42.4965956,-72.4979338,64628704,64635314
42.139503,-71.7422761,68682096,68704580
42.2601047,-71.0138841,73077379,73114491
42.09571,-72.78105769999999,71837416,72510298
39.6843876,-74.9934275,67151672,67157892
42.457201,-70.9388439,65236619,65248295
42.3762675,-71.242777,69301183,5458191112
42.4670006,-71.0253239,74960839,74929413
42.101928,-72.591938,70077333,70230455
42.7217354,-71.1819849,66781378,66890062
42.2988003,-71.4436837,61428704,61375579
42.6261788,-71.285423,64823756,64889067
42.363484,-71.57229699999999,65801229,65871118
42.2732946,-72.33826359999999,69383458,73682706
36.8779954,-77.4037357,67151672,67157892
42.6439891,-71.3204459,64812895,64830012
42.6174262,-72.5941769,61758048,61761930
42.870235,-70.8644623,74587083,194928133
42.2736155,-72.08280859999999,68593072,68638212
42.287653,-71.1066739,5458808393,61347920
42.1417641,-71.3967256,66504791,66543450
41.9446976,-71.2214505,69280647,69314398
42.1407497,-72.5842068,64779460,64797229
41.9897581,-70.95089519999999,63818206,7648479584
42.35564979999999,-73.2593949,64497518,64543189
42.402893,-71.04052,67027996,67030496
41.933682,-71.3200979,65728529,65676436
42.6924735,-71.1534322,64164699,64183184
42.5675509,-71.1456444,73906385,73937906
42.6351523,-71.2483329,69314159,69297374
42.1184045,-70.88125330000001,61989127,62023570
42.269673,-71.5511358,63055699,63069955
42.269673,-71.5511358,63055699,63069955
42.4497347,-73.2584327,71444950,71613704
41.7667493,-70.96696299999999,1645919164,1645919203
42.244925,-73.0812622,70170783,70669296
42.2418172,-70.889759,62558614,62623754
42.2474279,-71.76733209999999,74546944,74648351
42.663325,-73.1073075,67763677,380340184
41.5478512,-73.7437548,67151672,67157892
41.5478512,-73.7437548,67151672,67157892
41.5478512,-73.7437548,67151672,67157892
42.090358,-70.764252,70862591,70900547
42.090358,-70.764252,70862591,70900547
42.46970049999999,-70.89437,68764355,2128293726
42.4403548,-71.7715435,70368254,70387030
42.3119098,-72.4222199,73668542,73791198
42.547907,-71.2781953,70722918,70728921
41.794688,-71.3152291,75158669,3547466755
42.64826499999999,-71.3189846,64905893,64927498
42.2217719,-71.0332471,330128437,330118748
42.3909525,-71.0868414,5681303622,71942457
42.5290711,-70.9514524,70491805,70554416
42.282424,-71.662019,68965237,68971599
42.2188293,-71.911751,64439971,64451085
42.1773927,-72.4436285,65002699,65014739
42.345971,-71.5545448,65901660,65828171
42.4268148,-71.0215142,73574335,392961086
42.2418172,-70.889759,62558614,62623754
42.2224113,-71.1192779,67421879,6296203339
42.6353178,-71.3089712,64831148,64881254
41.9567693,-71.0008737,63842371,63895802
42.2215285,-72.6357634,62948050,62954125
42.2215285,-72.6357634,62948050,62954125
42.6103622,-72.075869,69177531,69184240
42.2273844,-71.7581397,74624700,74674029
42.6082342,-71.4690385,72171148,72419612
42.2583395,-73.0798447,70725213,70744770
41.6333531,-70.9345663,66974445,67003374
41.678507,-71.103766,73010204,72918299
42.1385064,-72.4959051,70036250,70203014
41.9317364,-74.02041280000002,67181187,4759795987
42.2625932,-71.8022934,74611713,74692405
42.0955523,-72.5142825,69975245,70090395
43.1595493,-72.4672609,205135718,205174261
42.3924714,-71.03439879999999,61356839,61359934
42.3563594,-71.1194668,61457318,61349999
42.1883353,-71.8292125,66706488,66709919
42.341504,-71.154927,61385694,61342697
42.3018681,-71.11445669999999,4044988773,61359520
42.386177,-71.0197553,61385209,5889969069
42.1603303,-72.6138528,64799462,64770351
42.09183360000001,-72.0839384,70860775,70986469
42.13463,-72.5308848,70256620,70280491
42.4344644,-71.03744979999999,65357887,65365908
42.0519955,-72.32230249999999,67557756,67559678
41.97130800000001,-70.95371100000001,63746896,63833178
42.2033991,-71.104675,73197876,73200481
42.8044377,-71.06459,330319515,330291993
42.3957273,-71.1757416,75231026,75236194
42.2949205,-71.04679759999999,2251836593,61423754
42.188271,-72.6858618,72193398,72210247
42.4252234,-71.103168,939660350,66449407
42.6174262,-72.5941769,61758048,61761930
42.0514409,-71.3118321,74934833,74934969
42.0565106,-71.6410891,68904979,68917572
42.2410712,-71.8499617,74551229,74685596
41.9049426,-71.10532859999999,69056229,69103984
42.6351523,-71.2483329,69314159,69297374
42.3070606,-71.4418546,61399174,61483298
42.460647,-71.040839,66567025,66568449
42.6354737,-71.37329869999999,65169621,65180625
42.3824917,-71.02499929999999,61345635,2948739138
42.3824917,-71.02499929999999,61345635,2948739138
42.6808711,-71.1346908,9458910657,8324831756
42.1567654,-71.4890299,67162836,67165765
41.8393837,-71.1064391,72588089,72613737
42.0773821,-71.033894,64101062,64162233
42.1114449,-72.40739010000001,73459482,73505610
43.934,-91.8130177,73706534,73793381
42.6224191,-71.3200478,64898605,64827977
41.9643227,-71.298412,65696607,65708506
42.1276058,-71.6518084,69116389,69168808
41.3175381,-95.0761636,67181187,4759795987
42.0197073,-70.750067,63762651,65840973
42.4734635,-71.1101345,70589703,74381558
42.3356818,-71.2973794,72819368,72870181
42.1624267,-70.9772125,62694139,62696067
42.1007335,-70.6584614,65923519,65929547
42.0157967,-71.3181908,74934833,74934969
41.5788912,-70.5631649,67334520,67470983
33.2994075,-111.6041439,67181187,4759795987
42.56512439999999,-72.0210925,61566492,61614072
41.7797917,-71.2817945,73486194,73489287
42.1103439,-71.8660503,70201898,70249404
41.678507,-71.103766,73010204,72918299
42.468681,-71.0721591,66560129,3896751348
41.9584457,-70.6672621,72592836,72665831
42.294217,-71.2683034,68321193,6708505282
42.5482774,-71.5553865,68381440,68397212
41.697453,-70.764958,65603342,65624776
42.3787809,-71.05261159999999,61352547,61488012
42.0928255,-72.5705235,70086267,70172430
42.121745,-71.0614057,64077339,67476832
41.6398,-71.0150854,65665437,65646959
44.147201,-72.0428866,195032068,195036525
42.2014995,-73.3487317,67753407,67756381
42.2223587,-71.8731328,64424517,64454906
42.2393959,-71.7479759,74530507,74562220
33.2994075,-111.6041439,67181187,4759795987
42.1765029,-71.4662754,62878401,62894553
41.692591,-71.1591503,67170716,67207291
41.454526,-70.594213,67394345,67407794
42.2166182,-72.6624902,62941401,63009725
42.172558,-72.03088869999999,66081725,70846049
42.5231864,-71.0594121,69028528,65297083
42.7724434,-70.8861484,67349223,67371796
42.6946386,-71.11923209999999,68363074,68365686
42.4538887,-70.98782109999999,74946940,74952333
41.6789853,-71.0609798,65619674,65709813
41.6647434,-70.2918242,68094951,68270428
42.0189894,-71.00782149999999,71026443,71035641
42.6437527,-71.3260566,64847511,64906608
41.6863421,-71.147525,67119540,67144611
42.6988103,-71.1727028,64157353,4554697269
42.1097299,-72.6180905,71243852,71278244
42.24460149999999,-71.830969,74475927,74538289
41.7586906,-71.228265,68819071,68802444
42.0884636,-71.6021248,68874176,68929595
42.0884636,-71.6021248,68874176,68929595
42.330379,-71.891526,62745950,62760995
42.0963068,-72.40238860000001,61932985,5779879475
41.990061,-70.9418093,2627444733,2855790669
41.7723315,-70.6412892,69788298,69830831
42.6505094,-71.38195030000001,65158778,65206390
42.8272301,-71.0018518,66771087,2289407651
42.1302425,-71.1359057,70611042,70702315
42.6235914,-71.0712531,68351109,68407710
42.1037299,-72.6150184,71216036,71348015
42.1037299,-72.6150184,71216036,71348015
41.694452,-71.153818,67129030,67202933
42.65398990000001,-71.3108149,64811434,64894340
41.7362162,-71.1292941,8919038697,67269512
43.2897137,-71.5707282,195032068,195036525
42.2258442,-71.1781404,65910633,73118110
42.2451881,-71.0002576,1451370087,1071675282
42.5634203,-70.91942,65566591,65569899
42.0873026,-71.0292166,64115845,64228536
42.059691,-71.0661349,3171161018,3171161024
42.2650848,-71.0938415,61520300,2217981098
41.9054867,-71.06545299999999,68933060,5477531252
42.4632225,-70.96280209999999,65259718,2045640264
41.7586906,-71.228265,68819071,68802444
41.6017888,-70.4664585,66141687,66142373
42.508972,-72.61950519999999,65980219,66027779
41.6317743,-70.9255827,67001217,66926532
42.2907722,-71.1494634,61459225,61481270
42.1027249,-72.53270669999999,70162565,70311029
41.958446,-70.667262,72592836,72665831
42.17553540000001,-71.0133426,330124999,5240500154
42.1314261,-70.9505236,61320642,61321987
41.7139864,-71.1179676,67232635,67162710
42.2280124,-71.3651107,75267487,75278527
42.2692427,-71.6055849,71677569,71689499
42.3994487,-71.11891059999999,71952460,3437660818
42.2636327,-71.0281624,73052768,73114243
42.3130327,-71.0679048,61404886,61367045
42.822664,-70.8664596,74599992,74601893
42.70091499999999,-73.1087148,67773362,67781983
42.2124141,-71.7969761,74498508,1509382310
42.2154764,-72.5562605,64797390,72017424
42.7724434,-70.8861484,67349223,67371796
42.1061887,-72.508628,70024090,70036337
42.1061887,-72.508628,70024090,70036337
42.286813,-72.749961,72624741,72626664
42.1323613,-72.5460346,70303158,5928490806
42.2431857,-71.13946539999999,61355361,61362877
42.0931981,-71.5361844,66611514,66617449
42.2546618,-71.4661594,64263202,6521027717
42.2211386,-71.0766115,67418680,4934533332
42.5675509,-71.1456444,73906385,73937906
41.5478512,-73.7437548,67151672,67157892
42.4769108,-71.5528223,62235219,73747245
42.239245,-72.283056,69413319,69451775
42.1980297,-70.9476444,73200445,73248250
42.249018,-71.0373242,73124603,73137417
42.1893857,-71.0293867,73165957,73187093
42.5294633,-73.202331,64077956,65316183
41.6153483,-70.93438069999999,66918371,67056258
41.6538967,-70.9301005,66911260,66939447
42.587915,-72.59941,61753952,61760160
41.8352885,-70.9990402,63833853,63895067
42.1778614,-71.1651273,64723702,64730266
42.1778614,-71.1651273,64723702,64730266
42.6178581,-70.71205739999999,277420197,956572119
42.329472,-71.0571217,61348107,61385862
42.7528966,-71.0274208,61787177,61789737
42.1541317,-71.07317309999999,70645918,70667435
41.8084573,-70.767637,69705278,69760967
44.0543335,-123.0294574,73706534,73793381
41.8650141,-70.8838481,66974158,67051563
42.1334968,-72.5716863,69979259,70123520
42.1074943,-72.57758969999999,70187970,70230355
42.1990071,-71.1209689,3760248768,3760250504
42.6798764,-70.9757051,73630983,73663394
42.2725747,-71.119064,61362712,4259504632
42.5208038,-71.7552117,64616790,64617855
42.061269,-73.3253359,67181187,4759795987
41.6646672,-71.09163010000002,72967821,72918326
42.81830739999999,-71.02457199999999,330288337,330306677
41.83714,-70.990595,63821677,63822771
41.7362162,-71.1292941,8919038697,67269512
41.7701669,-70.52865109999999,73928761,8292798350
42.3397098,-71.047069,61344394,61344338
50.800602,-3.897245,70012545,70046324
41.8373599,-71.2779786,73508907,73510179
42.074048,-72.6784964,65418583,65476681
42.8119811,-70.8685156,67382448,67383015
42.3165241,-71.7261994,71445782,71406629
41.7666121,-70.9523655,2530277338,6550168590
42.0894515,-72.5409951,70092040,70250796
41.9226787,-71.3728726,68541022,68569417
42.6510296,-73.2372951,73773778,73830947
41.934171,-71.0257121,73328823,73274203
42.2759444,-71.78893699999999,74507907,74746261
42.0682845,-71.0769801,64082359,66358276
41.6427102,-70.8747464,67069688,67092196
41.691945,-70.1596507,5891781651,5891781656
42.0887281,-71.0466632,3556570240,9172550563
42.0887281,-71.0466632,3556570240,9172550563
42.0887281,-71.0466632,3556570240,9172550563
42.3141189,-71.0515489,61371753,2251836593
42.1747517,-72.6388372,62938256,62966153
42.1955635,-71.7631784,67323937,67346293
42.0847834,-71.0617189,64039269,64141530
41.2438975,-69.99865129999999,65106868,65127417
42.33953289999999,-71.0925587,61475304,9975404892
42.3736251,-71.1184731,5645093171,61329051
42.4407089,-71.5883125,62253758,74901482
42.0675392,-71.0515747,64044412,64156745
42.2838112,-71.0646232,61349536,61354295
42.2771509,-71.01107089999999,73063764,73084256
42.518074,-71.679419,64021440,64023514
42.4586625,-71.3590165,65221216,65274019
42.0877929,-70.99136539999999,64042975,64307120
42.271899,-71.11028,61351279,61486837
41.6934564,-71.16448720000001,67156559,67245151
42.2540062,-71.5824088,63154506,63167968
42.1095898,-71.2308492,75209531,75220270
41.808434,-71.3369972,75151638,75186879
42.440692,-71.368687,65216672,65217250
36.8779954,-77.4037357,67151672,67157892
42.612803,-71.39778299999999,65183816,65246966
42.058128,-71.8631685,70341768,70371676
41.699378,-71.1427791,67228884,67257920
42.2596136,-71.1066376,61362609,61498243
42.5565872,-73.1713077,65289712,65306160
42.0610269,-72.6322204,65368601,65406626
42.0997169,-71.06650619999999,64084438,64299524
42.1733809,-72.77706409999999,71793733,71854388
42.6244562,-71.05715889999999,68452846,68465972
42.0931795,-72.50412349999999,70030931,70254567
42.6353193,-71.16539089999999,68007412,67893634
42.3453324,-71.0524214,61353653,5991213617
42.268379,-73.026613,70621314,70756867
42.1681493,-70.74519819999999,75089844,75098613
41.7538596,-70.7314131,69688558,69835647
41.658466,-70.198279,75053550,75137793
42.2786146,-71.7943617,74704135,74739780
41.875173,-70.9461815,63823973,63853754
42.093157,-70.792541,70872106,70938180
42.6422506,-71.29366929999999,64911506,64913896
42.2397026,-70.98452979999999,9170687024,73123907
42.118581,-72.54716839999999,70042036,70264247
42.5612501,-72.278703,69870538,69974857
41.6395063,-71.02128019999999,65738786,65683409
42.8319558,-70.86334719999999,74601893,6308822451
42.7329178,-70.9904801,61662219,61667641
42.6003732,-71.3607998,65166860,65199498
42.4548456,-73.2608253,71553943,71575754
42.1948571,-71.8467673,67364520,66732168
42.3917638,-71.0328284,61356856,61358168
41.7614511,-70.71973419999999,69606895,69725776
43.2897137,-71.5707282,195032068,195036525
42.0389823,-71.3752184,74924014,74962097
42.1557436,-72.7745729,71785197,71799287
42.3045327,-71.07338419999999,61357675,9627727364
42.1758022,-71.7747105,67324762,67335144
42.6378304,-71.32504349999999,64870514,64883507
42.4310494,-73.2031556,71531006,71637583
41.63907529999999,-70.9494993,66924600,66943386
42.457932,-70.9500614,65253920,65217671
42.463904,-70.936493,65224701,65231219
42.8044377,-71.06459,330319515,330291993
42.6328642,-71.3553432,64839667,64926336
42.14965189999999,-72.52424529999999,70097356,6201870990
42.2609917,-71.7933862,74519106,74689087
42.2426501,-70.98296049999999,73079514,73118794
42.202624,-71.078543,73089889,73197876
42.0542931,-72.8578481,61731537,61733503
42.5031038,-70.9002984,74530476,74541071
42.2597656,-71.0424801,67422035,67444356
41.9487077,-71.0731162,73243818,73304349
42.1556495,-72.74645149999999,71800932,71837601
42.153368,-71.9195,65045267,6759099706
41.9565651,-71.11693029999999,69053731,470201310
42.1789138,-72.6028328,64775030,64747577
42.1223295,-72.505152,70058160,70073697
42.5882699,-71.4535081,1514719556,1514719561
42.2387463,-72.8467723,67781274,67786579
42.1359793,-72.4116438,73452940,73457131
41.7559728,-70.642217,69590934,69861392
42.48188100000001,-70.937207,65228534,65239691
42.5474835,-71.8078684,64617946,67696814
41.704545,-70.16327799999999,66145253,66183800
42.2406031,-70.9873951,73072863,73123907
42.4288296,-71.05456649999999,65335724,65354648
42.2705049,-71.1006032,2217981107,2217981086
41.96257850000001,-71.2165837,69295983,69308364
42.0917056,-72.1498278,62838334,63941557
42.1625569,-72.611435,64807008,488980762
42.7301742,-71.1396206,66809326,66871415
42.4743119,-70.99436039999999,65213448,74926488
42.1834299,-72.5661902,64744552,64749084
42.3254708,-72.5239721,66596566,66683564
42.3254708,-72.5239721,66596566,66683564
42.1863524,-72.6511962,62951825,6219389162
42.7872837,-71.17148639999999,330326150,8449003554
42.6613998,-71.3177061,64834432,64835796
42.1567654,-71.4890299,67162836,67165765
42.6435314,-71.3755844,64852059,64888069
42.6435314,-71.3755844,64852059,64888069
41.6967358,-71.1583612,67146146,67156552
41.6967358,-71.1583612,67146146,67156552
41.6645865,-70.175234,66138235,66180126
41.8489872,-72.57175509999999,64752376,64755342
42.4247987,-70.9154306,61336300,61337510
42.551267,-70.9587202,65558924,5626089605
42.4232203,-71.0871121,65338848,65363613
42.119668,-72.6264817,71343116,71305920
42.2121713,-71.7772741,67349186,3584394612
42.5965126,-71.28145839999999,70785400,70816953
41.970754,-71.3375729,68509994,68514352
42.1267354,-72.6004943,70010131,70301043
42.4236091,-71.1760652,61689711,61695778
42.694937,-72.3725568,70097762,70123584
41.78703,-70.909482,63836870,73969706
30.9510605,-85.730841,67151672,67157892
42.6578153,-71.191265,68021299,67987074
42.1669661,-71.351738,67371977,67386643
42.0020925,-71.12159559999999,66407413,3319082122
42.4543476,-72.5227218,64631066,64632745
42.2549557,-73.32886529999999,64366067,5827258610
42.3108933,-71.279659,70482814,70479372
42.3108933,-71.279659,70482814,70479372
42.3350078,-71.07506400000001,61351181,61422331
42.1727046,-72.5891745,64800359,64802520
42.2523043,-71.2588138,66392382,66406945
42.2647739,-71.5635897,63126847,63142190
42.2647739,-71.5635897,63126847,63142190
41.794688,-71.3152291,75158669,3547466755
42.423378,-71.07471,65344809,65361261
37.9588126,-122.3674713,67181187,4759795987
41.7163228,-70.59007609999999,73970709,74108698
42.2209161,-70.9726013,330135506,5523306597
42.3887296,-71.2620994,453429163,69241114
40.729798,-73.9926904,67151672,67157892
42.6882229,-71.3176033,66430348,6787838170
41.6787651,-70.9333688,66916842,66954965
42.3331627,-72.6215394,9773366524,68881107
42.0890159,-72.5448354,70124765,70200122
42.6987227,-71.7650886,69591738,6790856284
42.6987227,-71.7650886,69591738,6790856284
42.5397802,-71.7594447,64606717,64621322
36.8779954,-77.4037357,67151672,67157892
42.1567654,-71.4890299,67162836,67165765
33.2994075,-111.6041439,67181187,4759795987
42.133243,-72.533221,70110511,70272962
41.9284332,-74.026229,67181187,4759795987
42.3141189,-71.0515489,61371753,2251836593
42.3713302,-71.2242605,69252404,69296021
42.15719139999999,-72.5161534,70081395,70246795
41.84508599999999,-71.0975491,72611473,72634668
41.84508599999999,-71.0975491,72611473,72634668
42.208406,-72.573178,64760809,64766759
42.123948,-72.586349,69958058,70294596
42.6643383,-70.8713367,63616475,63632066
41.9837004,-71.1476599,69295793,69303419
42.1652355,-71.0709616,64725720,73186158
42.580559,-71.1122311,68653828,68682062
42.3335024,-71.0734049,1173894785,1173894782
42.2236133,-70.9276747,73178985,73195975
42.0702462,-71.4708687,74626489,74656395
42.348511,-71.5764522,65759692,65807447
42.85482469999999,-70.8958142,66520896,74602989
42.54503070000001,-71.5187018,64687605,2409367658
42.3139222,-71.1641916,63577578,63578142
42.0753774,-72.2260387,69075447,7974985668
42.218072,-70.941036,73166134,73177844
42.645545,-71.117514,5458101010,68408326
41.6628804,-70.19272,75186661,75190387
42.157939,-72.6361368,71266504,71304407
42.3563594,-71.1194668,61457318,61349999
42.7221711,-71.2082692,66872883,66822972
42.4628909,-71.0615463,66558333,66583556
41.794688,-71.3152291,75158669,3547466755
42.3585408,-71.0876838,61326145,7590916054
42.121745,-71.0614057,64077339,67476832
42.2054228,-71.8119073,66652022,66692609
43.2897137,-71.5707282,195032068,195036525
42.6201569,-71.3545836,1524149300,64887186
42.4080048,-71.199087,75223237,75237779
41.6695149,-70.927687,67039922,66946019
41.7467157,-70.5804468,73995229,74072328
42.3657521,-71.7290588,73446831,73488547
41.7979444,-70.757077,69872141,69834614
42.3039753,-73.3284545,64340364,64353572
41.6973926,-71.1430639,67202652,67135990
41.653928,-71.0011976,65708795,65687374
41.7473773,-70.755261,65625730,69638247
42.1589509,-72.7246557,71838613,71934532
41.705318,-70.154085,66161770,66185312
42.1132977,-71.4486977,74615496,74624410
36.8779954,-77.4037357,67151672,67157892
42.0600153,-72.7853745,72491163,72551290
41.794688,-71.3152291,75158669,3547466755
42.2516063,-71.666641,71643566,71686856
42.112506,-70.9278419,61319986,74010014
42.126909,-72.567261,70020773,70148332
42.208555,-71.0207346,330126001,330127472
42.208555,-71.0207346,330126001,330127472
42.0461946,-71.0092453,64003434,3618032671
42.0461946,-71.0092453,64003434,3618032671
42.4473071,-71.0621795,66557716,66575507
42.5480971,-71.76199319999999,64605360,64607342
41.7157948,-71.152001,67140057,67270258
42.5750009,-70.93212199999999,65539678,65541964
42.6981527,-71.2393594,66787832,66867234
42.1567654,-71.4890299,67162836,67165765
42.6905452,-71.134802,68469398,68477822
43.2897137,-71.5707282,195032068,195036525
42.3325241,-71.0721386,1173894796,61345192
42.15341,-71.405797,66504390,4472221587
42.15341,-71.405797,66504390,4472221587
42.431176,-71.0567628,65361950,65362509
42.416359,-71.1505774,61689186,61695888
42.3165241,-71.7261994,71445782,71406629
40.7706187,-74.2326478,67151672,67157892
42.023159,-70.682814,65852889,6234274746
42.0985734,-70.7673737,70879677,70962826
41.9146436,-70.9548016,67006016,67031978
41.8371959,-71.28003140000001,73510179,6308569134
42.28196390000001,-71.3476196,68232645,68284989
41.8650141,-70.8838481,66974158,67051563
42.2217719,-71.0332471,330128437,330118748
42.1244114,-71.00178269999999,64058129,8109748888
42.2745417,-71.7891981,74500130,74554325
42.35195400000001,-71.0707209,61503027,61455601
41.79331699999999,-71.0557847,1645920224,1645920625
42.0957786,-72.07188409999999,5688816759,5688955247
42.2540062,-71.5824088,63154506,63167968
41.6859066,-70.43749609999999,67907685,67990470
42.0714098,-71.01822729999999,64208808,64306768
42.40689829999999,-71.13355419999999,71916583,71932720
41.9426497,-71.0773777,73327791,73330462
42.269155,-71.749065,71403632,71613892
42.0251467,-70.8335031,70958740,70961403
42.3725428,-71.1166416,61325523,61325608
42.00945859999999,-71.27919729999999,65646907,65659968
41.8957713,-71.0331422,73245543,73344893
42.269429,-71.84112640000001,74494853,74527213
42.2660508,-71.8180053,74535612,74664400
42.2413305,-71.9317598,64450595,64472987
41.7614511,-70.71973419999999,69606895,69725776
41.7532664,-71.2348541,68801975,68832132
42.2666232,-72.5712544,72012046,72031432
42.0303508,-71.5995461,68955433,68991654
42.5463939,-70.9476964,70526993,4354284976
42.57601,-70.9690531,65566393,65514893
42.1638604,-71.5029229,67258730,67230061
42.157939,-72.6361368,71266504,71304407
42.5509724,-71.5364846,64710502,68384227
42.583971,-71.437106,72304654,72484112
42.0176272,-71.0459131,71010353,70983315
41.9498102,-71.0256768,63804543,63840630
33.2994075,-111.6041439,67181187,4759795987
41.65798820000001,-70.8684105,67069829,67091200
42.0898425,-70.95864569999999,73402712,73426016
42.2606851,-71.8183317,74513512,74580663
41.9149606,-71.0369231,73328823,73274203
42.5499424,-71.8894038,72754854,5932330609
42.1084982,-72.68032509999999,71283494,71358078
42.2679474,-71.1762533,65887004,65916255
41.8805668,-71.0366422,69044529,69098075
41.5973711,-70.5736936,67363888,67522775
33.2994075,-111.6041439,67181187,4759795987
42.6758967,-70.8430954,63666888,63703761
41.7661849,-71.0982014,67186318,1987097660
41.8996955,-71.3203884,75172016,75183479
42.1266062,-72.5678652,70020773,70148332
42.111689,-70.81532279999999,62051437,5472119926
42.588001,-71.7824264,67703774,327183829
42.2370072,-71.1923684,65901451,65891835
42.0963925,-72.5983921,71249042,71342842
42.2121713,-71.7772741,67349186,3584394612
41.4710918,-73.22412080000001,67190233,67198732
42.5374873,-73.1815123,65297733,65301949
41.7473773,-70.755261,65625730,69638247
42.8373019,-70.9888114,66761416,5477712918
41.6770698,-70.04396299999999,62307645,62319888
42.6940837,-71.2284298,66800377,66845335
41.8858885,-71.06708739999999,68963661,69007491
42.1035507,-72.5974516,1859685182,70191802
42.7348716,-71.1666441,66802666,66835532
41.68186559999999,-70.89669669999999,73389237,73421432
42.563204,-72.309725,69869284,69944419
42.1170775,-72.1977058,63940097,3659103928
42.5277024,-71.1258895,73368088,73429557
42.447652,-71.9693151,63326774,63411422
41.63929110000001,-70.9174786,67074393,1987097435
42.3805497,-70.9726979,9694114740,74272012
42.3805497,-70.9726979,9694114740,74272012
42.4514342,-73.2539845,71472254,71619685
41.794688,-71.3152291,75158669,3547466755
42.3486576,-71.5219101,65776909,65777830
42.6606513,-70.9665227,69498410,73601749
42.3941179,-71.0314542,61356787,61360545
42.2907851,-71.83171449999999,74578373,74691713
42.3924709,-71.0343975,61356839,61359934
41.7645963,-70.9619603,1645919162,1645918943
41.903813,-71.08195300000001,69008658,69102075
42.2694516,-71.1742821,2200101690,65902633
42.152378,-72.5358031,70176175,70206627
43.2897137,-71.5707282,195032068,195036525
42.0985197,-71.0177255,64176718,64315080
42.4734635,-71.1101345,70589703,74381558
42.592875,-71.4809537,72236259,72354451
41.9362467,-71.2848214,65666779,65687599
42.5834228,-71.8022955,67652303,326559975
42.37393850000001,-71.1195664,61324362,286557423
41.9643227,-71.298412,65696607,65708506
41.933682,-71.3200979,65728529,65676436
42.1159461,-72.4893888,70114364,70319790
42.4396698,-71.4313974,73204427,73279328
42.1070383,-72.6203675,71292241,71215243
42.1567654,-71.4890299,67162836,67165765
41.933682,-71.3200979,65728529,65676436
42.31636270000001,-71.6412804,68972149,69026421
41.8692736,-71.33142939999999,75161631,75183998
41.725842,-71.1334574,67136609,67259084
42.3505185,-71.0507165,61349979,8797025998
42.3473091,-72.51740319999999,66707063,5179053477
42.1103915,-71.8327563,70196370,70278165
42.5220316,-71.7437578,64571076,64610214
42.1783698,-72.6304547,62950059,62984114
41.3175381,-95.0761636,67181187,4759795987
41.9540931,-71.0703329,73231641,73298383
42.276338,-71.7958178,74553407,74490320
42.428754,-71.681472,64998242,64998437
42.4940638,-70.9227269,74516084,74540697
42.6003732,-71.3607998,65166860,65199498
42.4670006,-71.0253239,74960839,74929413
42.4670006,-71.0253239,74960839,74929413
42.1061928,-70.6652704,65943849,66030520
42.5675509,-71.1456444,73906385,73937906
42.4023952,-71.04762170000001,67024622,67005720
42.62456,-70.65715,691554183,1987979200
42.31951189999999,-71.06322639999999,61467223,61467020
42.2609917,-71.7933862,74519106,74689087
42.415532,-71.110458,66441887,66473828
42.0736414,-71.01971309999999,64222817,64257817
41.8442627,-70.5868991,72375189,72681418
42.0499914,-72.5830131,64754731,64757082
42.0499914,-72.5830131,64754731,64757082
41.96638910000001,-71.33908439999999,3622814066,68530898
42.7366556,-71.1086802,330308460,6308682959
42.1513668,-71.5105533,67218498,3317103791
42.4069054,-73.3534703,64527343,64552267
42.166962,-71.77316,67353263,68655123
42.4986933,-71.1618206,74398621,74412163
42.333092,-71.95480529999999,70428631,74459843
42.1285682,-72.7638922,71756302,71832075
42.49788909999999,-71.2848453,72847584,2537482858
42.3546874,-71.6097421,65758779,65789294
42.3396205,-71.5078534,65771103,65817764
42.2336005,-70.94778120000001,73136052,73156459
42.1220636,-71.0408377,67484161,67495225
41.8800553,-70.6186354,72036293,72517059
42.2634493,-70.8584936,63532308,63547890
42.4724403,-71.1806615,74304941,74384201
34.8497931,-82.3995801,67181187,4759795987
42.3563594,-71.1194668,61457318,61349999
42.1567654,-71.4890299,67162836,67165765
42.1515296,-72.5699066,64767773,64794776
42.3303297,-71.0576502,61390606,61348094
42.4069054,-73.3534703,64527343,64552267
42.1995194,-72.0311923,66082027,9928046506
42.1995194,-72.0311923,66082027,9928046506
42.6387754,-72.6695238,75279556,75327886
42.1567654,-71.4890299,67162836,67165765
42.3974678,-71.0907256,71938469,71916072
47.0515806,-123.2142318,73706534,73793381
42.1842988,-71.85717939999999,66695723,66727842
42.4853321,-70.9074487,74520826,2041038798
42.695159,-71.158011,64211984,64217924
42.1994589,-71.4296794,62918641,62918644
42.526986,-71.0690735,65304332,69050607
41.8828583,-71.1508842,68932092,69081888
42.1919733,-70.949924,62600565,73158399
42.3704826,-71.231246,69246908,69264539
42.0166255,-71.30799610000001,74946286,74970775
42.0166255,-71.30799610000001,74946286,74970775
42.1696411,-72.39682499999999,73496345,73510458
42.0504717,-71.34599899999999,74927800,74932108
41.633693,-71.0697382,72962303,73046302
42.3494196,-71.0745821,61374245,61374259
42.1671683,-72.5706454,64743944,64797458
42.4575963,-72.5204596,64631066,64632745
42.4396819,-73.2969565,71448957,71494292
41.6238554,-71.0341997,65706336,65780995
41.9652805,-71.3394746,68588949,3622814056
42.040257,-70.866878,62085110,62085809
42.4084302,-71.0119948,73567382,73590658
42.5350796,-72.602943,65929669,66022840
42.141665,-70.9824356,62701634,62709594
42.3325241,-71.0721386,1173894796,61345192
42.6603585,-71.1366804,67912495,67937870
42.2788056,-71.6735333,3598834358,5759658816
42.2286216,-72.61076539999999,71998378,72054192
41.6292425,-71.1287048,73022347,73051891
42.2548562,-72.36780259999999,73768838,73880250
41.6956782,-70.9351839,66963050,67013457
42.3772244,-71.2326681,69194350,69248330
42.1292313,-72.6110975,64761784,70165366
42.4835381,-70.93962840000002,65229037,9571932404
42.1717616,-72.3018025,70293080,70332289
42.59101520000001,-71.2044939,69304845,69313972
42.0960413,-72.56346049999999,70090605,70257471
42.118952,-71.032251,67476475,67478671
42.40849180000001,-73.26296769999999,71450737,71552586
42.2521887,-70.9893115,73083296,73047455
42.2215285,-72.6357634,62948050,62954125
42.1805466,-70.9691873,73161753,73190524
42.501155,-71.721346,63989801,64625175
42.2741043,-71.4021182,61430463,1623218213
42.0451031,-70.6713566,65871937,65887223
42.8382095,-70.9451596,66531708,66548185
43.2897137,-71.5707282,195032068,195036525
41.933682,-71.3200979,65728529,65676436
41.933682,-71.3200979,65728529,65676436
41.933682,-71.3200979,65728529,65676436
43.2897137,-71.5707282,195032068,195036525
43.2897137,-71.5707282,195032068,195036525
42.5878335,-70.9045107,69536935,69553445
42.168682,-72.4648952,64985671,64988974
42.7011884,-71.2077427,66823596,66856307
42.9320539,-76.5698026,73706534,73793381
42.137047,-71.159717,75201170,75224275
42.5156785,-70.9502784,70506909,70556218
41.704213,-70.06110149999999,62318393,62343695
42.3459266,-71.5460406,65861641,65906239
42.7739172,-71.1563963,6970551530,9695003423
42.1356864,-72.6172264,71375255,64762868
41.99626120000001,-70.9007374,61818840,65976750
42.04836,-73.301931,67181187,4759795987
42.0248768,-71.0660891,66362571,66378850
42.0248768,-71.0660891,66362571,66378850
42.2776414,-71.0967221,61495673,61495680
42.1515367,-72.4719279,73469377,73526928
42.2376453,-72.6518578,62989089,66242706
42.1362561,-71.1562508,75214061,75224275
42.1305114,-72.7439052,71853755,71871700
41.6791142,-71.0961584,73007975,73027688
42.7593088,-71.132256,66871990,66877784
42.38703719999999,-71.0045992,5547450775,61344521
42.605352,-72.473176,66952596,69251916
42.78238289999999,-71.0743683,330297708,330321145
42.5410976,-71.6676786,71300175,71367783
42.2211386,-71.0766115,67418680,4934533332
42.2970126,-71.9053751,70410920,70443233
42.3563594,-71.1194668,61457318,61349999
42.270449,-71.093479,61364677,61362630
42.3504505,-71.0561242,2934870538,61444579
41.6573699,-70.258659,75012463,75029826
42.2833399,-71.0366837,4957866290,73086769
42.2833399,-71.0366837,4957866290,73086769
42.3833229,-71.021586,5889969069,61397470
42.1095898,-71.2308492,75209531,75220270
42.1772127,-72.62119550000001,64746267,64797455
42.3967016,-71.0400335,5455806470,8614067786
42.7287962,-71.21556269999999,66807699,66839371
43.1595493,-72.4672609,205135718,205174261
42.4041261,-72.5278775,66624329,66743830
42.2215285,-72.6357634,62948050,62954125
42.1010398,-71.0213669,64053462,64132287
41.8170363,-70.8819948,66926445,66958943
42.5721358,-71.01048,67105449,67135024
42.1642774,-72.504422,64772492,64997871
41.9117436,-71.0852405,68981390,69104478
42.4831702,-71.7443585,64594908,70433481
42.9968034,-78.9334834,73706534,73793381
42.6477473,-71.6470465,70999989,71047910
42.0417525,-70.6722767,65778603,65805786
42.0651564,-72.5131167,66087836,66116888
43.2897137,-71.5707282,195032068,195036525
42.4647892,-73.2149178,71442361,71585359
42.1567654,-71.4890299,67162836,67165765
41.6817221,-70.933951,66935453,67026040
42.1068064,-71.2509436,69140198,67842800
42.13009539999999,-70.8135282,62034083,6349516931
42.0275766,-71.95813079999999,65553489,65573213
41.817431,-71.139947,66283044,2547827600
42.1367651,-72.7401087,71822081,71930189
42.319645,-71.172318,67435038,63530547
42.1456835,-71.4682007,66512002,66532721
42.3329463,-71.0809886,61433610,61497649
42.3709299,-71.1828321,70251636,70254692
42.3439391,-71.5127157,65799076,65907622
42.681355,-71.3473194,66457603,66489401
42.5235606,-70.9816563,70536644,70564495
42.4903808,-70.93621999999999,65227186,74571370
42.3039382,-71.2846825,70425781,70432200
42.1092338,-72.5690338,70086038,70206584
42.1567654,-71.4890299,67162836,67165765
42.3736614,-71.0383784,1404985355,8673220278
41.9435043,-70.821073,72875086,72886966
42.3042382,-71.7770989,74436104,74557609
42.261316,-72.50793449999999,61720277,61727089
42.2543931,-71.6370087,71674782,71728459
42.1388982,-72.6268975,71372113,71266752
42.1095636,-73.3771127,67158924,67179706
42.1567654,-71.4890299,67162836,67165765
42.1479898,-72.5648324,64746643,64769701
42.1479898,-72.5648324,64746643,64769701
41.678507,-71.103766,73010204,72918299
42.2444414,-71.0098172,73078408,1068716301
42.8469771,-70.92521839999999,66570438,66524265
42.2748452,-71.7419814,71501909,71521625
42.0862865,-72.5766062,70093020,70141597
42.2028243,-72.9438002,73544871,73561976
42.1626571,-72.5146697,64760074,64992723
42.1626571,-72.5146697,64760074,64992723
42.1945385,-71.8356271,66662312,66693936
42.2451008,-70.93661469999999,73173397,73214996
42.2064873,-72.5973255,62985804,63012703
42.4252234,-71.103168,939660350,66449407
41.7083028,-70.0733487,62277655,62337336
42.3432912,-71.1026167,61342615,3427729705
42.25784,-71.16168739999999,61360478,61360691
41.900101,-71.089767,68912778,68943718
42.4934861,-71.5393449,73713515,64695155
42.5577139,-73.1701963,65289712,65306160
42.4060342,-71.126802,61172839,71948702
42.0176272,-71.0459131,71010353,70983315
42.2856747,-71.1558392,61347909,61349755
41.7473773,-70.755261,65625730,69638247
42.1821521,-71.2168001,69621904,69629075
42.34946190000001,-72.018772,69776725,69806948
42.0729662,-71.4125647,61497062,61523805
41.909448,-71.0790215,69017794,69096840
42.0851441,-71.0917901,66379262,5664280803
42.571408,-71.9614405,61576226,61596165
42.1095898,-71.2308492,75209531,75220270
42.0176272,-71.0459131,71010353,70983315
42.77508,-71.0766214,330315900,5474711048
42.5834487,-72.1856221,64787042,64787094
42.6455665,-71.3083822,64820931,64855170
42.6644284,-71.1936343,67895838,67981041
41.933682,-71.3200979,65728529,65676436
41.933682,-71.3200979,65728529,65676436
41.0803017,-73.4613239,67190233,67198732
42.3057629,-73.2969677,64340364,64353572
42.120432,-72.53164699999999,70053483,70123261
42.4734769,-70.91775659999999,68755685,68758879
41.7926983,-71.8768886,65574820,65616500
42.1683488,-72.5687108,64746658,64809268
42.5626757,-72.16357219999999,71365831,71400554
42.055503,-70.9424779,65931843,65943022
42.415642,-71.684078,65000543,64992339
42.2238771,-71.83422519999999,66650965,66655903
42.5934138,-73.2468039,61344709,61345749
42.1052205,-72.0758773,70830223,70868397
41.9042378,-71.0559174,68933060,5477531252
42.5137659,-70.979669,70511657,70539972
42.2028243,-72.9438002,73544871,73561976
42.2125419,-70.9417587,73183172,73189379
42.1724268,-70.9552119,73147050,73151857
40.9100274,-81.4019324,67181187,4759795987
42.1143216,-72.5888464,69983109,70230285
42.0602178,-71.2328673,67840080,67861094
41.8650141,-70.8838481,66974158,67051563
42.2609917,-71.7933862,74519106,74689087
42.2224294,-72.5861858,72091495,72041206
42.2451999,-71.006765,993077554,1068709382
42.6174262,-72.5941769,61758048,61761930
42.1855103,-71.008657,330124399,330126919
42.1798322,-72.0306717,66079972,70846049
41.7139864,-71.1179676,67232635,67162710
42.7059132,-71.165066,64186143,64195757
42.36183339999999,-73.2748763,2553703568,2553703625
42.1356864,-72.6172264,71375255,64762868
42.4010253,-70.99738119999999,73590535,5119298457
42.4010253,-70.99738119999999,73590535,5119298457
42.3667589,-71.78562699999999,70906723,70948741
42.1264872,-71.4541241,74620571,5871722897
42.6644284,-71.1936343,67895838,67981041
42.6644284,-71.1936343,67895838,67981041
42.1375883,-71.36255919999999,67377139,67391954
42.2649088,-72.66736809999999,66265120,66309312
42.396888,-71.740481,70472902,70888377
42.3435299,-73.2702594,9173686188,2091237125
42.1751,-70.94949,73194544,763653821
42.4447038,-71.0271942,65335695,1119555241
42.3356959,-71.04209279999999,61344179,61344181
41.768848,-70.684595,69642051,69694848
42.26489189999999,-72.4838074,61721010,2572171415
42.2823032,-71.0996206,61354288,61509796
42.2064905,-72.6190208,62959039,62940931
42.461916,-71.335331,65212150,65267307
42.670573,-72.839417,62524780,7238103310
41.7073538,-71.1668752,67119191,67136078
42.48343999999999,-72.19452799999999,71225926,71332864
42.366373,-72.0718761,69811620,69826940
42.366373,-72.0718761,69811620,69826940
41.9585416,-71.0641262,73243055,73314026
42.179852,-70.9530068,73213790,765763597
42.151413,-72.5327471,70132939,70242137
42.151413,-72.5327471,70132939,70242137
41.6363619,-70.95720109999999,66990089,67036115
42.3561205,-71.83200149999999,62770404,62806648
42.1495135,-70.9917388,62701634,62713053
41.7172224,-70.0594993,62279780,62300832
42.3714737,-71.0774796,61329079,61326579
42.5350341,-71.2130566,64528708,70722163
42.1287125,-72.49619489999999,70221650,70309638
42.2601234,-71.158489,61362865,61362995
41.6666562,-70.16337159999999,66143627,66190723
42.5950163,-72.5478646,67704151,67709752
41.6624431,-70.93782999999999,66978312,67056317
42.1327189,-70.8591193,62042432,62043153
41.6108096,-70.5841509,67492169,67529162
42.1113076,-72.6098871,70204258,70209012
42.2540062,-71.5824088,63154506,63167968
42.1067819,-72.0610323,70861779,70994583
41.6514703,-70.9304264,67004765,67026728
42.6362041,-70.976821,73632851,73601114
42.140334,-72.569307,70051600,70052238
42.29642,-71.770016,74668616,9908095697
42.7051729,-70.9499199,61660248,61660981
42.601367,-72.611114,61751890,61760180
41.9335573,-71.2223964,69298477,69310664
42.0760371,-71.5257733,66621832,66635827
41.74866420000001,-70.4739208,74746851,74806949
42.4517757,-71.1387214,74100603,74129227
42.3018089,-72.18353309999999,67077273,67139477
42.6263724,-71.406809,65225503,8323807940
42.2692238,-72.415178,73879650,73881928
42.2692238,-72.415178,73879650,73881928
41.735597,-70.74918,65621524,5849487763
42.68551799999999,-72.0557269,74005051,74079252
42.29849160000001,-71.36872919999999,68257893,68267919
42.2834413,-71.0833025,61351622,61354344
42.2609917,-71.7933862,74519106,74689087
42.1540365,-72.3186118,70307077,70391266
42.626997,-71.388462,65212716,65235682
42.626997,-71.388462,65212716,65235682
42.2721354,-71.4294693,61411747,3128570361
43.1811972,-77.622617,73706534,73793381
42.3591175,-71.11108159999999,61328036,61328070
42.3546874,-71.6097421,65758779,65789294
42.153294,-71.9726527,64931674,64951480
42.4720509,-72.08276230000001,69446893,69520268
41.7093685,-70.0240368,62323634,62335516
41.958446,-70.667262,72592836,72665831
42.6249421,-73.1095346,64601986,64615269
42.6722777,-70.9547928,69498440,69506963
41.794688,-71.3152291,75158669,3547466755
42.7998514,-71.1616643,330320703,330321654
42.3195556,-71.6411997,69023865,4145138207
42.26333330000001,-72.8300411,63588979,63605221
42.6583642,-71.1367717,67912495,67937870
42.10927969999999,-72.5736538,70089882,70222941
42.2609917,-71.7933862,74519106,74689087
42.5705737,-71.4135515,72274541,5464011542
42.36434320000001,-71.1862331,70208128,4257793219
42.2359054,-71.7597639,74524116,74715599
42.804522,-71.0999863,330293835,330299973
42.6560449,-70.9134771,69485043,69485346
43.1595493,-72.4672609,205135718,205174261
42.13681589999999,-72.54679949999999,70200626,70129283
42.548824,-71.908585,72761891,72764275
42.4986933,-71.1618206,74398621,74412163
42.1455739,-71.455334,66527838,66532597
42.0913967,-73.1386255,74685667,74703321
42.505887,-71.3700282,64735511,64746563
42.1218315,-70.7449106,2627420584,6773881225
42.59593290000001,-72.2267383,64791653,64800893
42.1439342,-72.5520545,70287479,70312610
41.741277,-70.598932,73944015,74208393
41.94479,-70.023218,70559693,3628020568
42.218072,-70.941036,73166134,73177844
42.17913069999999,-71.0148229,330121749,330124448
42.1452857,-72.5601672,69993298,70085885
42.2583725,-72.5755439,71969075,72051665
41.281756,-70.180432,75122055,75170930
42.3956405,-71.1776114,75236297,75243548
42.1531415,-72.6479474,71260189,71322595
41.933682,-71.3200979,65728529,65676436
42.2721384,-71.7899679,74592719,74718013
42.456898,-73.26115899999999,71595657,71641009
41.5947453,-70.9030377,66922304,67056046
42.1625569,-72.611435,64807008,488980762
42.7660196,-71.09866199999999,330316489,330321726
41.9777435,-70.97483410000001,63764163,63866685
42.6117406,-71.2865582,69283791,69320152
42.243929,-71.992615,69806432,69841739
42.172558,-72.03088869999999,66081725,70846049
42.4160637,-71.6848894,64993472,64994064
42.0793801,-71.3121419,74940855,74951152
42.0793801,-71.3121419,74940855,74951152
43.934,-91.8130177,73706534,73793381
42.6552726,-70.9526599,69486700,69492905
41.6466096,-70.4202865,67947054,68224794
42.4222466,-73.0962723,62655039,62663727
42.1230347,-72.49745089999999,70118571,70287620
41.717351,-70.045087,62334535,3431819493
42.0583067,-72.4301373,61918018,61918555
42.57135,-72.592293,61754518,61761343
41.6363472,-70.45625439999999,66149225,67822158
41.6363472,-70.45625439999999,66149225,67822158
41.6363472,-70.45625439999999,66149225,67822158
42.1354935,-70.7081349,65943572,65990820
42.3331253,-71.03531010000002,61344714,61458916
42.6236752,-71.306267,64833633,64923270
42.2641468,-72.6863513,66233097,66263794
42.5127094,-71.7201059,64619593,64623961
42.612985,-72.548892,61668679,61671222
42.7680881,-71.10959580000001,330301475,330320385
42.6813007,-73.0981465,67679186,67699025
41.6671452,-71.076781,73062561,73068472
41.6327683,-70.46192599999999,66129822,66201098
41.6803104,-71.1089026,73030851,73050048
42.6529115,-72.0793384,74010632,74049834
42.1762392,-71.2683498,69122241,69140185
42.3486235,-71.0655221,61356471,61505151
42.0602178,-71.2328673,67840080,67861094
42.290857,-72.870845,63573565,63602230
42.3563594,-71.1194668,61457318,61349999
41.660552,-70.2551336,74994953,75137824
43.934,-91.8130177,73706534,73793381
41.6966933,-70.48082289999999,74745359,74796003
42.0962735,-71.0193896,64189391,64286739
42.4253889,-71.0392224,65357607,1530454528
42.1567654,-71.4890299,67162836,67165765
42.130656,-70.916155,74030103,74031598
42.358507,-71.0628298,61340482,1153869660
42.4422271,-71.5005669,70759590,70775035
41.2849197,-69.9746608,65106868,65127417
41.9358928,-70.5978617,72238015,6502418473
42.30213089999999,-71.8339009,74454582,74639646
42.30213089999999,-71.8339009,74454582,74639646
42.3223799,-71.0610518,61402318,61422671
44.07911900000001,-80.2011728,73706534,73793381
41.5764162,-70.95131310000001,65647843,65850969
41.7546729,-71.161078,68837807,68839308
42.399428,-73.127107,62662772,62676983
42.5740427,-71.6353748,71305612,71343278
41.8802505,-71.0287319,68974296,69024900
42.6003732,-71.3607998,65166860,65199498
42.6444649,-71.6077552,71068931,71142733
42.4393455,-72.621052,73315719,73354611
42.5936031,-71.35589809999999,65226567,65241785
41.9475814,-71.0223391,63840630,73314114
42.2672091,-71.7772176,74492384,74597957
42.2121713,-71.7772741,67349186,3584394612
42.5208184,-71.2460377,72807357,72850398
42.2217719,-71.0332471,330128437,330118748
42.1697971,-72.31598919999999,70304694,70390418
42.0595235,-70.9906456,64267178,65990796
42.1125488,-71.5140183,63033709,63037452
42.7382972,-70.8987061,63654487,74262627
41.7338445,-71.1277904,67114763,67229489
42.2435385,-71.7561821,74431349,74599113
42.626997,-71.388462,65212716,65235682
42.5585512,-71.4410817,64698663,72532500
42.3482668,-71.1344075,61342778,61356931
42.230698,-71.183953,65883908,65901451
42.1567654,-71.4890299,67162836,67165765
41.933682,-71.3200979,65728529,65676436
42.4986933,-71.1618206,74398621,74412163
41.6824187,-71.1445402,67157488,67166569
42.0940775,-72.4356624,73452358,73529381
42.429496,-71.442292,66347356,66356647
42.2534149,-71.8897664,64434146,64448313
41.7014479,-70.11991979999999,62315358,62324696
42.3469432,-71.78606289999999,70920044,70925402
42.6006339,-71.36547159999999,65166497,65221046
42.268466,-71.77205359999999,74692298,74719203
42.548824,-71.908585,72761891,72764275
42.2797113,-71.0815117,61353879,61517332
42.3129378,-71.9632793,70423633,70441952
42.020073,-70.9797796,65968182,66045886
42.020073,-70.9797796,65968182,66045886
42.020073,-70.9797796,65968182,66045886
42.020073,-70.9797796,65968182,66045886
42.5635896,-70.8678067,69469786,69520915
42.5722351,-72.0569062,69167459,69182855
42.66612,-73.098075,67667818,67679186
42.581108,-72.2477368,64769349,64795992
42.4537598,-71.02008459999999,5624247497,5624247498
42.5674838,-71.0263993,70482390,70553739
42.591497,-71.96075,61606161,61639082
41.9881473,-70.8141902,61816369,72871487
41.7586906,-71.228265,68819071,68802444
42.62631409999999,-71.4051904,65180790,65202369
42.10908999999999,-71.11793,70689493,70703114
42.10908999999999,-71.11793,70689493,70703114
42.7950266,-71.084571,330303074,330305503
42.3962591,-71.1407523,61326691,1092493904
43.2897137,-71.5707282,195032068,195036525
42.4208899,-70.985608,73569557,73569633
41.7773118,-71.2888503,73470969,73493181
42.2720718,-71.44259509999999,61428626,64275294
41.7473773,-70.755261,65625730,69638247
42.2368885,-70.980778,73065477,73123388
42.1123574,-72.5230455,70170563,7483586211
42.4211374,-71.0915845,66422536,66460864
42.1184103,-72.6373148,71251060,6558109635
42.1526524,-72.50097939999999,70090148,70257178
41.7448624,-71.1454806,71889367,71900344
42.189271,-71.2019413,69689682,6204835626
41.3753384,-70.7316429,61681408,61686711
43.3192739,-71.9345766,194508210,5060436123
42.0840122,-71.0197336,64132839,64248294
42.3886372,-71.3062795,72807510,72866714
41.8693721,-71.20322089999999,73467077,73536753
42.150071,-72.310069,70341048,70391573
42.063756,-71.0093904,64171397,64197809
42.3589175,-71.8292204,62799824,62806648
42.7625383,-71.1317104,330295327,330311229
41.6770164,-70.8197147,66293252,66277616
42.6415838,-71.3035258,64850547,64873367
42.182216,-73.373748,67753407,67756381
42.1400616,-72.5421695,70150584,70256137
42.6400617,-73.2286943,73732795,73788105
42.4892829,-73.1259597,62659309,62683436
42.4052427,-71.0053964,73561531,5913318507
42.5167195,-73.5868697,64088022,64099131
42.2728328,-71.8491885,74461546,74696423
42.0702462,-71.4708687,74626489,74656395
41.6668737,-70.7650507,66288851,66291936
42.0774029,-72.1002989,70943804,70810437
42.3311506,-71.8904774,62745950,62760995
42.2339682,-72.1444332,71094387,71110063
42.5486993,-72.1328582,71374503,71426480
42.196484,-72.436887,64986524,65026407
42.0302817,-70.82079829999999,70846241,70847105
42.2427891,-71.8024199,1048300737,1048300787
42.38545,-71.590917,63443265,63443343
42.1567654,-71.4890299,67162836,67165765
42.04903059999999,-72.19817929999999,69089399,8372619560
41.6982611,-71.1638389,67226370,67139821
42.46541980000001,-70.9430338,2048236984,65209311
42.1702619,-71.0359513,73161670,73181705
42.6644284,-71.1936343,67895838,67981041
43.2897137,-71.5707282,195032068,195036525
41.9015852,-71.0890745,68883121,69070884
42.5296904,-71.7652875,64590305,64597322
42.146541,-71.9744096,64959652,6423278288
42.4519795,-71.0691418,66578415,66573885
42.153294,-71.9726527,64931674,64951480
41.639364,-71.0196607,65683409,65766611
42.2866668,-71.33686229999999,68244592,68265801
42.33072600000001,-72.4520654,73693774,73858294
42.410793,-71.01196999999999,73556796,73557580
42.813898,-70.9152693,67393140,67390600
42.1563313,-72.5623805,64785430,64810055
41.6770164,-70.8197147,66293252,66277616
41.9333295,-71.3735074,68476794,4934458456
42.3141189,-71.0515489,61371753,2251836593
42.5244826,-70.8932191,74570883,317096610
42.2850289,-71.4838058,61371898,61432557
42.0940707,-73.0771602,74677713,74709946
42.620572,-73.11819,64588441,64590009
42.2978008,-71.4221808,61471484,61380589
43.934,-91.8130177,73706534,73793381
42.0883674,-72.5305293,70168624,70287611
42.498989,-71.7971925,64606597,64609545
42.452088,-73.130351,62659309,62683436
42.0969434,-71.0062086,64149997,64273739
42.2854319,-71.22960979999999,68311857,68351345
42.2854319,-71.22960979999999,68311857,68351345
42.14852390000001,-71.156247,64703950,64724310
42.9108558,-77.7359681,73706534,73793381
42.3480914,-71.08816929999999,61342491,7775135474
41.9785733,-70.8367315,61821160,72883932
42.0662742,-72.7380936,72513677,72535318
41.655977,-70.92728149999999,66959230,66974008
42.45792,-72.5212587,64631066,64632745
42.1819053,-71.2168622,69621904,69629075
42.1819053,-71.2168622,69621904,69629075
42.6865986,-71.3568946,66429974,66481418
42.1959626,-71.1995511,69684396,69689315
42.0954013,-71.06486579999999,64108042,64202101
43.8292324225732,-71.17548443011195,194963685,194963698
42.5750939,-71.0786653,68686849,68702155
42.2122261,-71.9077241,64439971,6291753426
42.1072639,-72.497849,70159259,70242256
42.5726098,-71.00541179999999,67133148,5266855385
42.126194,-71.782291,68636948,68684662
42.004663,-71.2220076,69295983,69300682
42.2785164,-71.0142709,73083792,73094747
42.1445598,-72.5561132,70064173,70149183
39.5753791,-76.9958149,67181187,4759795987
42.1291565,-70.9110014,74001589,74024023
42.6544951,-71.3855756,64908672,68452724
42.047709,-72.5890883,64735411,64752067
42.7071455,-70.9568858,61660248,61660981
42.6789661,-72.06068139999999,73977257,10572931778
42.0397904,-71.06849869999999,66331075,66387414
42.2107824,-72.49337249999999,64961603,64998523
42.1156217,-71.02922269999999,64050283,67489900
42.1548941,-71.0294455,73165870,73177630
42.3142897,-71.9275049,70414674,70424912
42.26902399999999,-71.6402884,71666502,71675201
42.5366481,-71.0555627,65286823,65322537
42.3480914,-71.08816929999999,61342491,7775135474
41.3682994,-70.7108427,61681408,61686711
41.9315962,-70.7946586,64765634,64794898
42.2591873,-71.6999834,71407751,71540437
42.3046538,-71.8170454,74555011,74597951
41.6579589,-70.3454895,67928281,68274499
42.0393741,-71.37683590000002,74924014,74962097
42.4190092,-71.04493,67009819,10152405985
42.4190092,-71.04493,67009819,10152405985
42.749151,-71.108505,330305269,330312155
42.6962772,-72.05797629999999,74010807,74072540
42.6798764,-70.9757051,73630983,73663394
41.7362162,-71.1292941,8919038697,67269512
41.9652182,-71.0278595,63754784,63773311
41.794688,-71.3152291,75158669,3547466755
42.3249346,-71.09841229999999,61346576,61350512
42.042427,-70.21443169999999,72980257,72994218
42.3466111,-71.0646032,61479672,7686391267
42.3403791,-71.7884728,70894708,70914032
41.8894476,-70.90100009999999,66948183,66967793
42.5518925,-71.5355572,64693990,5612526635
42.5920626,-72.0970721,69162835,69209875
42.28382630000001,-71.03411899999999,73070050,1076411692
42.665546,-70.882324,63616475,63632066
42.1142603,-71.84511189999999,70235052,70240411
42.3601163,-71.7301897,73439567,73488547
42.4252234,-71.103168,939660350,66449407
43.2897137,-71.5707282,195032068,195036525
42.2736147,-71.7701999,74446745,1109710338
41.7303793,-71.2825493,201001310,201025008
41.9102326,-71.0922448,69016867,9516742980
41.9503181,-71.1269611,69086928,69087989
41.61799740000001,-70.4985136,66128103,4263794020
41.9592074,-70.8991145,67012590,67063554
42.185177,-71.3103374,66406033,66407403
42.2071932,-72.5945661,62954223,62968935
41.533395,-70.9988226,65731193,65809332
42.5030573,-71.1190204,73410240,73366775
42.5433927,-71.4079967,72164010,72223388
42.81970330000001,-70.90891169999999,67405523,67414371
41.61578,-70.940055,65606133,65769505
42.6644284,-71.1936343,67895838,67981041
42.634066,-72.258792,69869872,69874750
42.240316,-70.94576350000001,73135129,73251480
42.20823,-71.22742,73111833,7792436366
42.1735717,-71.5304105,67179981,67274242
42.1266062,-72.5678652,70020773,70148332
42.6136135,-71.2056831,69334264,9269897990
42.178934,-72.613464,64759040,64786585
42.3573292,-71.2993776,72879660,72893078
42.244516,-72.179813,71105276,71122955
42.244516,-72.179813,71105276,71122955
42.244516,-72.179813,71105276,71122955
42.2919384,-71.7122349,71526119,71579737
42.624623,-72.6694555,75298858,75305828
41.6793938,-71.11556089999999,73021315,72939813
42.168124,-72.5931107,64780876,64792061
42.3211728,-71.0677211,61347478,61347576
42.0925998,-72.6364579,65446372,65459957
41.4485638,-70.6125938,67385476,67449062
42.5584218,-71.2689461,70756587,9501814511
42.8044377,-71.06459,330319515,330291993
42.2283203,-71.0324121,73133623,5093560865
42.2261247,-72.0477655,66067284,66079788
41.6424892,-70.9064509,67047324,67087334
41.84564570000001,-71.099847,72611473,72626643
42.4232203,-71.0871121,65338848,65363613
41.6932806,-70.9474864,66927356,66907332
41.6932806,-70.9474864,66927356,66907332
42.4644349,-71.19111989999999,74303056,74327626
42.1452049,-70.8500519,62031642,8058991040
42.4850931,-71.43284,73199446,73295435
41.9276501,-70.9641321,67011934,9172061694
42.548824,-71.908585,72761891,72764275
42.5690812,-71.8280637,67615748,67686316
42.1751,-70.94949,73194544,763653821
42.1308711,-71.0669119,67488756,67496480
41.9904089,-71.12835129999999,69316420,3319080357
42.1298089,-71.7025618,68726162,68690579
42.5745641,-71.4330672,72110946,72413231
42.156579,-70.97947,62694139,62696067
42.3850034,-71.4185519,71041845,71118483
42.1741641,-71.8445257,70211829,66666771
42.5585512,-71.4410817,64698663,72532500
42.66592319999999,-71.5884363,70990506,71125345
42.0897278,-70.9881228,64167958,64195251
42.299199,-73.228685,488990487,64385035
42.5949729,-72.592714,61753654,61758801
42.5468145,-70.9208244,65523622,5100408431
42.1911372,-70.9553449,73212597,5133892589
41.7645963,-70.9619603,1645919162,1645918943
42.12746689999999,-72.5274288,70193394,70207189
42.3358038,-73.2662761,64495720,64517319
42.3358038,-73.2662761,64495720,64517319
42.0879368,-72.5675662,70083262,70291533
42.3266663,-71.4081126,61390696,61443013
41.3175381,-95.0761636,67181187,4759795987
42.3329463,-71.0809886,61433610,61497649
42.1016532,-72.5873956,70082201,70115598
41.6757457,-72.86336349999999,61729236,61729732
42.5252665,-70.9187681,70548448,70566952
42.1452208,-71.9936568,64910544,64950199
